ci_player_id,first_name,middle_name,last_name,nick_name,nationality_code,date_of_birth,gender,height_cm,weight_kg,role,batting_hand,bowling_hand,bowling_type,bowling_style
1060380,Ruturaj,Dashrat,Gaikwad,Ruturaj Gaikwad,IND,1997-01-31,MALE,,,BATTER,RIGHT,RIGHT,SPIN,ROB
425943,Sanju,,Samson,Sanju Samson,IND,1994-11-11,MALE,,,WICKET_KEEPER,RIGHT,RIGHT,SPIN,
714451,Shivam,,Dube,Shivam Dube,IND,1993-06-26,MALE,,,ALL_ROUNDER,LEFT,RIGHT,PACE,RM
1070665,Dewald,,Brevis,Dewald Brevis,RSA,2003-04-29,MALE,,,BATTER,RIGHT,RIGHT,SPIN,RLB
28081,Mahendra Singh,,Dhoni,MS Dhoni,IND,1981-07-07,MALE,,,WICKET_KEEPER,RIGHT,RIGHT,PACE,RM
1123718,Spencer,Henry,Johnson,Spencer Johnson,AUS,,MALE,,,BOWLER,LEFT,LEFT,PACE,LAF
530812,Akeal,,Hosein,Akeal Hosein,WI,1993-04-25,MALE,,,BOWLER,LEFT,LEFT,SPIN,LOB
1182529,Noor,,Ahmad,Noor Ahmad,AFG,2005-01-03,MALE,,,BOWLER,RIGHT,LEFT,SPIN,LLB
1064812,Rahul,,Charar,Rahul Chahar,IND,1999-08-04,MALE,,,BOWLER,RIGHT,RIGHT,SPIN,RLB
1452455,Ayush,,Mhatre,Ayush Mhatre,IND,2007-07-16,MALE,,,BATTER,RIGHT,RIGHT,SPIN,ROB
642525,Sarfaraz,,Khan,Sarfaraz Khan,IND,1997-10-22,MALE,,,BATTER,RIGHT,RIGHT,SPIN,RLB
1175428,Anshul,,Kamboj,Anshul Kamboj,IND,2000-12-06,MALE,,,BOWLER,RIGHT,RIGHT,PACE,RFM
942645,Khaleel,,Ahmed,Khaleel Ahmed,IND,1997-12-05,MALE,,,BOWLER,RIGHT,LEFT,PACE,LFM
1459392,Kartik,,Sharma,Kartik Sharma,IND,2006-04-26,MALE,,,WICKET_KEEPER,RIGHT,RIGHT,PACE,
1131570,Urvil,,Patel,Urvil Patel,IND,1998-10-17,MALE,,,WICKET_KEEPER,RIGHT,,PACE,
510530,Jamie,,Overton,Jamie Overton,ENG,1994-04-10,MALE,,,ALL_ROUNDER,RIGHT,RIGHT,PACE,RAF
605575,Matthew,,Short,Matthew Short,AUS,1995-11-08,MALE,,,ALL_ROUNDER,RIGHT,RIGHT,SPIN,ROB
1403197,Prashant,,Veer,Prashant Veer,IND,2005-11-24,MALE,,,ALL_ROUNDER,LEFT,LEFT,SPIN,LOB
1339053,Ramakrishna,,Ghosh,Ramakrishna Ghosh,IND,1997-08-28,MALE,,,ALL_ROUNDER,RIGHT,RIGHT,PACE,RFM
1202098,Zak,,Foulkes,Zak Foulkes,NZL,2002-06-05,MALE,,,ALL_ROUNDER,RIGHT,RIGHT,PACE,RM
506612,Matt,,Henry,Matt Henry,NZL,1991-12-14,MALE,,,BOWLER,RIGHT,RIGHT,PACE,RFM
1125688,Mukesh,,Choudhary,Mukesh Choudhary,IND,1996-07-06,MALE,,,BOWLER,LEFT,LEFT,PACE,LFM
344580,Shreyas,,Gopal,Shreyas Gopal,IND,1993-09-04,MALE,,,BOWLER,RIGHT,RIGHT,SPIN,RLB
1254269,Aman,,Khan,Aman Khan,IND,1996-11-23,MALE,,,ALL_ROUNDER,RIGHT,RIGHT,PACE,RM
1269869,Gurjapneet,,Singh,Gurjapneet Singh,IND,1998-11-08,MALE,,,BOWLER,RIGHT,LEFT,PACE,LFM
554691,Axar,Rajeshbhai,Patel,Axar Patel,IND,1994-01-20,MALE,,,ALL_ROUNDER,LEFT,LEFT,SPIN,LOB
422108,Kannaur,Lokesh,Rahul,KL Rahul,IND,1989-06-10,MALE,,,WICKET_KEEPER,RIGHT,RIGHT,,
311592,Mitchell,Aaron,Starc,Mitchell Starc,AUS,1990-01-30,MALE,,,BOWLER,LEFT,LEFT,PACE,LAF
321777,David,,Miller,David Miller,RSA,1989-06-10,MALE,,,BATTER,LEFT,RIGHT,SPIN,ROB
604527,Nitish,,Rana,Nitish Rana,IND,1993-12-27,MALE,,,ALL_ROUNDER,LEFT,RIGHT,SPIN,ROB
595978,Tristan,,Stubbs,Tristan Stubbs,RSA,2000-08-14,MALE,,,WICKET_KEEPER,RIGHT,RIGHT,SPIN,ROB
1277545,Abishek,,Porel,Abishek Porel,IND,2002-10-17,MALE,,,WICKET_KEEPER,LEFT,,,
542023,Lungi,,Ngidi,Lungi Ngidi,RSA,1996-03-29,MALE,,,BOWLER,RIGHT,RIGHT,PACE,RFM
926851,Mukesh,,Kumar,Mukesh Kumar,IND,1993-10-12,MALE,,,BOWLER,RIGHT,RIGHT,PACE,RFM
559235,Kuldeep,,Yadav,Kuldeep Yadav,IND,1994-12-14,MALE,,,BOWLER,LEFT,LEFT,SPIN,LLB
1131978,Ashutosh,,Sharma,Ashutosh Sharma,IND,1998-09-15,MALE,,,BATTER,RIGHT,RIGHT,PACE,RM
398439,Karun,,Nair,Karun Nair,IND,2004-07-28,MALE,,,BATTER,RIGHT,RIGHT,SPIN,ROB
1070168,Prithvi,,Shaw,Prithvi Shaw,IND,1999-11-09,MALE,,,BATTER,RIGHT,RIGHT,SPIN,ROB
1159732,Auqib,,Nabi,Auqib Nabi,IND,1996-11-04,MALE,,,ALL_ROUNDER,RIGHT,RIGHT,PACE,RFM
1449074,Vipraj,,Nigam,Vipraj Nigam,IND,1992-01-11,MALE,,,ALL_ROUNDER,RIGHT,RIGHT,SPIN,RLB
552152,Dushmantha,,Chameera,Dushmantha Chameera,SL,2003-12-06,MALE,,,BOWLER,RIGHT,RIGHT,PACE,RAF
802575,T.,,Natarajan,T. Natarajan,IND,1991-04-04,MALE,,,BOWLER,LEFT,LEFT,PACE,LFM
1028655,Pathum,,Nissanka,Pathum Nissanka,SL,1998-05-18,MALE,,,BATTER,RIGHT,,,
1175489,Sameer,,Rizvi,Sameer Rizvi,IND,1994-10-17,MALE,,,BATTER,RIGHT,RIGHT,SPIN,ROB
521637,Ben,,Duckett,Ben Duckett,ENG,2007-06-07,MALE,,,WICKET_KEEPER,LEFT,RIGHT,SPIN,
1059570,Ajay,,Mandal,Ajay Mandal,IND,1996-02-25,MALE,,,ALL_ROUNDER,LEFT,LEFT,SPIN,LOB
625960,Kyle,,Jamieson,Kyle Jamieson,NZL,1994-12-30,MALE,,,BOWLER,RIGHT,RIGHT,PACE,RFM
1451028,Sahil,,Parakh,Sahil Parakh,IND,2001-09-05,MALE,,,BATTER,LEFT,RIGHT,SPIN,RLB
1460385,Madhav,,Tiwari,Madhav Tiwari,IND,2003-09-28,MALE,,,ALL_ROUNDER,RIGHT,RIGHT,PACE,RFM
1292527,Tripurana,,Vijay,Tripurana Vijay,IND,2001-09-05,MALE,,,ALL_ROUNDER,RIGHT,RIGHT,SPIN,ROB
719719,Jos,,Buttler,Jos Buttler,ENG,1990-09-08,MALE,,,WICKET_KEEPER,RIGHT,RIGHT,SPIN,
308967,Rashid,,Khan,Rashid Khan,AFG,1998-09-20,MALE,,,ALL_ROUNDER,RIGHT,RIGHT,SPIN,RLB
793463,Shubman,,Gill,Shubman Gill,IND,1999-09-08,MALE,,,BATTER,RIGHT,RIGHT,SPIN,ROB
1070173,Sai,,Sudharsan,Sai Sudharsan,IND,2001-10-15,MALE,,,BATTER,LEFT,RIGHT,SPIN,RLB
1151288,Mohammed,,Shahrukh Khan,Shahrukh Khan,IND,1995-05-27,MALE,,,BATTER,RIGHT,RIGHT,SPIN,ROB
1207295,Kumar,,Kushagra,Kumar Kushagra,IND,2004-10-23,MALE,,,WICKET_KEEPER,RIGHT,RIGHT,,
823509,Glenn,,Phillips,Glenn Phillips,NZL,1996-12-06,MALE,,,ALL_ROUNDER,RIGHT,RIGHT,SPIN,ROB
391485,Jason,,Holder,Jason Holder,WI,1991-11-05,MALE,,,ALL_ROUNDER,RIGHT,RIGHT,PACE,RFM
423838,Rahul,,Tewatia,Rahul Tewatia,IND,1993-05-20,MALE,,,ALL_ROUNDER,LEFT,RIGHT,SPIN,RLB
719715,Washington,,Sundar,Washington Sundar,IND,1999-10-05,MALE,,,ALL_ROUNDER,LEFT,RIGHT,SPIN,ROB
550215,Kagiso,,Rabada,Kagiso Rabada,RSA,1995-05-25,MALE,,,BOWLER,LEFT,RIGHT,PACE,RAF
940973,Mohammed,,Siraj,Mohammed Siraj,IND,1994-03-13,MALE,,,BOWLER,RIGHT,RIGHT,PACE,RAF
917159,Prasidh,,Krishna,Prasidh Krishna,IND,1996-02-19,MALE,,,BOWLER,RIGHT,RIGHT,PACE,RFM
1048739,Sai,,Kishore,Sai Kishore,IND,1996-11-06,MALE,,,BOWLER,LEFT,LEFT,SPIN,LOB
1123073,Anuj,,Rawat,Anuj Rawat,IND,1999-10-17,MALE,,,WICKET_KEEPER,LEFT,,,
877051,Tom,,Banton,Tom Banton,ENG,1998-11-11,MALE,,,WICKET_KEEPER,RIGHT,,,
1244751,Arshad,,Khan,Arshad Khan,IND,1997-12-20,MALE,,,ALL_ROUNDER,LEFT,LEFT,SPIN,LFM
1292506,Nishant,,Sindhu,Nishant Sindhu,IND,2004-04-09,MALE,,,ALL_ROUNDER,LEFT,LEFT,SPIN,LOB
236779,Ishant,,Sharma,Ishant Sharma,IND,1988-09-02,MALE,,,BOWLER,RIGHT,RIGHT,PACE,RFM
573170,Luke,,Wood,Luke Wood,ENG,1995-08-02,MALE,,,BOWLER,LEFT,LEFT,PACE,LFM
447587,Jayant,,Yadav,Jayant Yadav,IND,1990-01-22,MALE,,,BOWLER,RIGHT,RIGHT,PACE,ROB
1175426,Manav,,Suthar,Manav Suthar,IND,2002-08-03,MALE,,,BOWLER,LEFT,LEFT,SPIN,LOB
1299879,Ashok,,Sharma,Ashok Sharma,IND,2002-06-17,MALE,,,BOWLER,RIGHT,RIGHT,,RM
1287033,Gurnoor,,Brar,Gurnoor Singh Brar,IND,2000-05-25,MALE,,,BOWLER,LEFT,RIGHT,PACE,RAF
1121579,Prithvi,Raj,Yarra,Prithvi Raj Yarra,IND,1998-02-20,MALE,,,BOWLER,LEFT,LEFT,PACE,LFM
1076713,Cameron,Donald,Green,Cameron Green,AUS,1999-06-03,MALE,,,ALL_ROUNDER,RIGHT,RIGHT,PACE,RFM
230558,Sunil,Philip,Narine,Sunil Narine,WI,1988-05-26,MALE,,,ALL_ROUNDER,LEFT,RIGHT,SPIN,ROB
1108375,Varun,Vinod,Chakravarthy,Varun Chakravarthy,IND,1991-08-29,MALE,,,BOWLER,RIGHT,RIGHT,SPIN,RLB
277916,Ajinkya,Madhukar,Rahane,Ajinkya Rahane,IND,1988-06-06,MALE,,,BATTER,RIGHT,RIGHT,PACE,RM
723105,Rinku,Khanchand,Singh,Rinku Singh,IND,1997-10-12,MALE,,,BATTER,LEFT,RIGHT,SPIN,ROB
959759,Finnley,Hugh,Allen,Finn Allen,NZL,1999-04-22,MALE,,,WICKET_KEEPER,RIGHT,,,
625964,Tim,Louis,Seifert,Tim Seifert,NZL,1994-12-14,MALE,,,WICKET_KEEPER,RIGHT,,,
959767,Rachin,,Ravindra,Rachin Ravindra,NZL,1999-11-18,MALE,,,ALL_ROUNDER,LEFT,LEFT,SPIN,LOB
1312645,Harshit,Pradeep,Rana,Harshit Rana,IND,2001-12-22,MALE,,,BOWLER,RIGHT,RIGHT,PACE,RAF
1194795,Matheesha,,Pathirana,Matheesha Pathirana,SL,2002-12-18,MALE,,,BOWLER,RIGHT,RIGHT,PACE,RAF
290630,Manish,Krishnanand,Pandey,Manish Pandey,IND,1989-09-10,MALE,,,BATTER,RIGHT,RIGHT,PACE,RM
446763,Rahul,Ajay,Tripathi,Rahul Tripathi,IND,1991-03-02,MALE,,,BATTER,RIGHT,RIGHT,PACE,RM
1079839,Anukul,Sudhakar,Roy,Anukul Roy,IND,1998-11-30,MALE,,,ALL_ROUNDER,LEFT,LEFT,SPIN,LOB
1206492,Saurabh,Rajendraprasad,Dubey,Saurabh Dubey,IND,1998-01-23,MALE,,,BOWLER,RIGHT,LEFT,PACE,LFM
1209292,Vaibhav,Gopal,Arora,Vaibhav Arora,IND,1997-12-14,MALE,,,BOWLER,RIGHT,RIGHT,PACE,RFM
1292495,Angkrish,,Raghuvanshi,Angkrish Raghuvanshi,IND,2004-06-05,MALE,,,BATTER,RIGHT,,,
1079470,Ramandeep,,Singh,Ramandeep Singh,IND,1997-04-13,MALE,,,BATTER,RIGHT,RIGHT,PACE,RM
820351,Rovman,,Powell,Rovman Powell,WI,1993-07-23,MALE,,,BATTER,RIGHT,RIGHT,PACE,RFM
1460372,Tejasvi,,Dahiya,Tejasvi Dahiya,IND,2002-04-18,MALE,,,WICKET_KEEPER,RIGHT,,,
827051,Blessing,,Muzarabani,Blessing Muzarabani,ZIM,1996-10-02,MALE,,,BOWLER,RIGHT,RIGHT,PACE,RFM
1122918,Kartik,,Tyagi,Kartik Tyagi,IND,2000-11-08,MALE,,,BOWLER,RIGHT,RIGHT,PACE,RFM
1246528,Umran,,Malik,Umran Malik,IND,1999-11-22,MALE,,,BOWLER,RIGHT,RIGHT,PACE,RAF
1252337,Prashant,Hitesh,Solanki,Prashant Solanki,IND,2000-02-22,MALE,,,BOWLER,RIGHT,RIGHT,SPIN,RLB
1515048,Daksh,,Kamra,Daksh Kamra,IND,2003-01-09,MALE,,,ALL_ROUNDER,RIGHT,RIGHT,SPIN,RLB
956405,Sarthak,,Ranjan,Sarthak Ranjan,IND,1996-09-25,MALE,,,ALL_ROUNDER,RIGHT,RIGHT,SPIN,RLB
600498,Aiden,Kyle,Markram,Aiden Markram,RSA,1994-10-04,MALE,,,BATTER,RIGHT,RIGHT,SPIN,ROB
604302,Nicholas,,Pooran,Nicholas Pooran,WI,1995-10-02,MALE,,,WICKET_KEEPER,LEFT,RIGHT,SPIN,ROB
931581,Rishabh,Rajendra,Pant,Rishabh Pant,IND,1997-10-04,MALE,,,WICKET_KEEPER,LEFT,,,
272450,Mitchell,Ross,Marsh,Mitchell Marsh,AUS,1991-10-20,MALE,,,BATTER,RIGHT,RIGHT,PACE,RM
662235,Joshua,Patrick,Inglis,Josh Inglis,AUS,1995-03-04,MALE,,,WICKET_KEEPER,RIGHT,,,
1151270,Ayush,,Badoni,Ayush Badoni,IND,1999-12-03,MALE,,,ALL_ROUNDER,RIGHT,RIGHT,SPIN,ROB
784379,Wanindu,Pinnaduwage de Silva,Hasaranga,Wanindu Hasaranga,SL,1997-07-29,MALE,,,ALL_ROUNDER,RIGHT,RIGHT,SPIN,RLB
481979,Anrich,Arno,Nortje,Anrich Nortje,RSA,1993-11-16,MALE,,,BOWLER,RIGHT,RIGHT,PACE,RAF
481896,Mohammed,Ahmed,Shami,Mohammed Shami,IND,1990-09-03,MALE,,,BOWLER,RIGHT,RIGHT,PACE,RAF
1460529,Digvesh,Singh,Rathi,Digvesh Rathi,IND,1999-12-15,MALE,,,BOWLER,RIGHT,RIGHT,SPIN,RLB
1151286,Manimaran,,Siddharth,Manimaran Siddharth,IND,1998-07-03,MALE,,,BOWLER,RIGHT,LEFT,SPIN,LOB
1175485,Abdul,Farooq,Samad,Abdul Samad,IND,2001-10-28,MALE,,,BATTER,RIGHT,RIGHT,SPIN,RLB
1159711,Shahbaz,,Ahmed,Shahbaz Ahmed,IND,1994-12-11,MALE,,,ALL_ROUNDER,LEFT,LEFT,SPIN,LOB
694211,Avesh,,Khan,Avesh Khan,IND,1996-12-13,MALE,,,BOWLER,RIGHT,RIGHT,PACE,RFM
1292563,Mayank,Prabhu,Yadav,Mayank Yadav,IND,2002-06-17,MALE,,,BOWLER,RIGHT,RIGHT,PACE,RAF
595267,Matthew,Paul,Breetzke,Matthew Breetzke,RSA,1998-11-03,MALE,,,BATTER,RIGHT,,,
1354217,Mukul,Dalip,Choudhary,Mukul Choudhary,IND,2004-08-06,MALE,,,WICKET_KEEPER,RIGHT,,,
1148776,Arjun,Sachin,Tendulkar,Arjun Tendulkar,IND,1999-09-24,MALE,,,ALL_ROUNDER,LEFT,LEFT,PACE,LFM
1403153,Arshin,Atul,Kulkarni,Arshin Kulkarni,IND,2005-02-15,MALE,,,ALL_ROUNDER,RIGHT,RIGHT,PACE,LM
1300795,Akshat,,Raghuwanshi,Akshat Raghuwanshi,IND,2003-09-15,MALE,,,BATTER,RIGHT,RIGHT,SPIN,ROB
805235,Himmat,,Singh,Himmat Singh,IND,1996-11-08,MALE,,,BATTER,RIGHT,RIGHT,SPIN,ROB
1408677,Naman,,Tiwari,Naman Tiwari,IND,2005-11-08,MALE,,,ALL_ROUNDER,LEFT,LEFT,PACE,LFM
1175458,Akash,Maharaj,Singh,Akash Singh,IND,2002-04-26,MALE,,,BOWLER,RIGHT,LEFT,PACE,LFM
1132005,Mohsin,,Khan,Mohsin Khan,IND,1998-07-15,MALE,,,BOWLER,LEFT,LEFT,PACE,LFM
1350768,Prince,,Yadav,Prince Yadav,IND,2001-12-12,MALE,,,BOWLER,RIGHT,RIGHT,PACE,RAF
379143,Hardik,Himanshu,Pandya,Hardik Pandya,IND,1993-10-11,MALE,,,ALL_ROUNDER,RIGHT,RIGHT,PACE,RFM
625371,Jasprit,Jasbirsingh,Bumrah,Jasprit Bumrah,IND,1993-12-06,MALE,,,BOWLER,RIGHT,RIGHT,PACE,RAF
625383,Suryakumar,Ashok,Yadav,Suryakumar Yadav,IND,1990-09-14,MALE,,,BATTER,RIGHT,RIGHT,SPIN,ROB
446507,Rohit,Gurunath,Sharma,Rohit Sharma,IND,1987-04-30,MALE,,,BATTER,RIGHT,RIGHT,SPIN,ROB
34102,Sherfane,Eviston,Rutherford,Sherfane Rutherford,WI,1998-08-15,MALE,,,BATTER,LEFT,RIGHT,PACE,RM
914541,Tilak,Namboori Thakur,Varma,Tilak Varma,IND,2002-11-08,MALE,,,BATTER,LEFT,RIGHT,SPIN,ROB
1170265,Quinton,,de Kock,Quinton de Kock,RSA,1992-12-17,MALE,,,WICKET_KEEPER,LEFT,,,
1350762,Robin,,Minz,Robin Minz,IND,2002-09-13,MALE,,,WICKET_KEEPER,LEFT,LEFT,SPIN,LOB
605661,Ryan,David,Rickelton,Ryan Rickelton,RSA,1996-07-11,MALE,,,WICKET_KEEPER,LEFT,,,
502714,Mitchell,Josef,Santner,Mitchell Santner,NZL,1992-02-05,MALE,,,ALL_ROUNDER,LEFT,LEFT,SPIN,LOB
475281,Shardul,Narendra,Thakur,Shardul Thakur,IND,1991-10-16,MALE,,,ALL_ROUNDER,RIGHT,RIGHT,PACE,RM
897549,William,George,Jacks,Will Jacks,ENG,1998-11-21,MALE,,,ALL_ROUNDER,RIGHT,RIGHT,SPIN,ROB
447261,Deepak,Lokandersingh,Chahar,Deepak Chahar,IND,1992-08-07,MALE,,,BOWLER,RIGHT,RIGHT,PACE,RM
277912,Trent,Alexander,Boult,Trent Boult,NZL,1989-07-22,MALE,,,BOWLER,RIGHT,LEFT,PACE,LFM
1326798,Allah,Mohammad,Ghazanfar,AM Ghazanfar,AFG,2006-03-20,MALE,,,BOWLER,RIGHT,RIGHT,SPIN,LLB
594322,Corbin,,Bosch,Corbin Bosch,RSA,1994-09-10,MALE,,,ALL_ROUNDER,RIGHT,RIGHT,PACE,RFM
1287032,Naman,,Dhir,Naman Dhir,IND,1999-12-31,MALE,,,ALL_ROUNDER,RIGHT,RIGHT,SPIN,ROB
1292502,Raj,Angad,Bawa,Raj Bawa,IND,2002-11-12,MALE,,,ALL_ROUNDER,LEFT,RIGHT,PACE,LM
1081442,Mayank,,Markande,Mayank Markande,IND,1997-11-11,MALE,,,BOWLER,RIGHT,RIGHT,SPIN,RLB
1122621,Raghu,Shivam,Sharma,Raghu Sharma,IND,1993-03-11,MALE,,,BOWLER,RIGHT,RIGHT,SPIN,RLB
1421992,Danish,Vishnu,Malewar,Danish Malewar,IND,2003-10-08,MALE,,,BATTER,RIGHT,RIGHT,SPIN,RLB
1175467,Atharva,Vinod,Ankolekar,Atharva Ankolekar,IND,2000-09-26,MALE,,,ALL_ROUNDER,LEFT,LEFT,SPIN,LOB
1079847,Mayank,Ram,Rawat,Mayank Rawat,IND,1999-12-04,MALE,,,ALL_ROUNDER,RIGHT,RIGHT,SPIN,ROB
1209126,Ashwani,,Kumar,Ashwani Kumar,IND,2001-12-29,MALE,,,BOWLER,LEFT,LEFT,PACE,LFM
1512648,Mohammed,Salahuddin,Izhar,Mohammed Izhar,IND,2004-01-01,MALE,,,BOWLER,RIGHT,LEFT,PACE,LFM
1125976,Arshdeep,,Singh,Arshdeep Singh,IND,1999-02-05,MALE,,,BOWLER,LEFT,LEFT,PACE,LFM
642519,Shreyas,Santosh,Iyer,Shreya Iyer,IND,1994-12-06,MALE,,,BATTER,RIGHT,RIGHT,SPIN,ROB
430246,Yuzvendra,Singh,Chahal,Yuzvendra Chahal,IND,1990-07-23,MALE,,,BOWLER,RIGHT,RIGHT,SPIN,RLB
1161024,Prabhsimran,,Singh,Prabhsimran Singh,IND,2000-08-10,MALE,,,WICKET_KEEPER,RIGHT,,,
819429,Azmatullah,,Omarzai,Azmatullah Omarzai,AFG,2000-03-24,MALE,,,ALL_ROUNDER,RIGHT,RIGHT,PACE,RFM
696401,Marco,,Jansen,Marco Jansen,RSA,2000-05-01,MALE,,,ALL_ROUNDER,RIGHT,LEFT,PACE,LAF
325012,Marcus,,Stoinis,Marcus Stoinis,AUS,1989-08-16,MALE,,,ALL_ROUNDER,RIGHT,RIGHT,PACE,RM
493773,Lachlan,Hammond,Ferguson,Lockie Ferguson,NZL,1991-06-13,MALE,,,BOWLER,RIGHT,RIGHT,PACE,RAF
377534,Shashank,,Singh,Shashank Singh,IND,1991-11-21,MALE,,,BATTER,RIGHT,RIGHT,PACE,RM
1168641,Harpreet,,Brar,Harpreet Brar,IND,1995-09-16,MALE,,,ALL_ROUNDER,LEFT,LEFT,SPIN,LOB
1050545,Xavier,Colin,Bartlett,Xavier Bartlett,AUS,1998-12-17,MALE,,,BOWLER,RIGHT,RIGHT,PACE,RFM
1151273,Nehal,,Wadhera,Nehal Wadhera,IND,2000-09-04,MALE,,,BATTER,LEFT,RIGHT,SPIN,RLB
1175456,Priyansh,,Arya,Priyansh Arya,IND,2001-09-18,MALE,,,BATTER,LEFT,RIGHT,SPIN,ROB
732293,Vishnu,,Vinod,Vishnu Vinod,IND,1993-12-02,MALE,,,WICKET_KEEPER,RIGHT,,,
1210488,Cooper,Patrick Leonard,Connolly,Cooper Connolly,AUS,2003-08-22,MALE,,,ALL_ROUNDER,LEFT,LEFT,SPIN,LOB
1213979,Mitchell,James,Owen,Mitchell Owen,AUS,2001-09-16,MALE,,,ALL_ROUNDER,RIGHT,RIGHT,PACE,RM
1316430,Musheer,,Khan,Musheer Khan,IND,2005-02-27,MALE,,,ALL_ROUNDER,RIGHT,LEFT,SPIN,LOB
1339698,Suryansh,,Shedge,Suryansh Shedge,IND,2003-01-29,MALE,,,ALL_ROUNDER,RIGHT,RIGHT,PACE,RFM
679567,Benjamin,James,Dwarshuis,Ben Dwarshuis,AUS,1994-06-23,MALE,,,BOWLER,LEFT,LEFT,PACE,RFM
1070196,Yash,Ravisingh,Thakur,Yash Thakur,IND,1998-12-28,MALE,,,BOWLER,RIGHT,RIGHT,PACE,RFM
777515,Praveen,,Dubey,Praveen Dubey,IND,1993-07-01,MALE,,,BOWLER,RIGHT,RIGHT,SPIN,RLB
1449053,Vishal,,Nishad,Vishal Nishad,IND,2005-04-01,MALE,,,BOWLER,RIGHT,RIGHT,SPIN,RLB
1292496,Harnoor,Singh,Pannu,Harnoor Singh,IND,2003-01-30,MALE,,,BATTER,LEFT,LEFT,SPIN,LLB
1324449,Pyla,,Avinash,Pyla Avinash,IND,2000-07-07,MALE,,,BATTER,RIGHT,RIGHT,PACE,RFM
777815,Vijaykumar,,Vyshak,Vijaykumar Vyshak,IND,1997-01-31,MALE,,,BOWLER,RIGHT,RIGHT,PACE,RM
669365,Philip,Dean,Salt,Phil Salt,ENG,1996-08-28,MALE,,,WICKET_KEEPER,RIGHT,,,
823703,Rajat,Manohar,Patidar,Rajat Patidar,IND,1993-06-01,MALE,,,BATTER,RIGHT,RIGHT,SPIN,ROB
253802,Virat,,Kohli,Virat Kohli,IND,1988-11-05,MALE,,,BATTER,RIGHT,RIGHT,PACE,RM
721867,Jitesh,Mohan,Sharma,Jitesh Sharma,IND,1993-10-22,MALE,,,WICKET_KEEPER,RIGHT,,,
471342,Krunal,Himanshu,Pandya,Kruna Pandya,IND,1991-03-24,MALE,,,ALL_ROUNDER,LEFT,LEFT,SPIN,LOB
677077,Romario,,Shepherd,Romario Shepherd,WI,1994-11-26,MALE,,,ALL_ROUNDER,RIGHT,RIGHT,PACE,RFM
892749,Timothy,Hays,David,Tim David,AUS,1996-03-16,MALE,,,ALL_ROUNDER,RIGHT,RIGHT,SPIN,ROB
851403,Venkatesh,Rajasekaran,Iyer,Venkatesh Iyer,IND,1994-12-25,MALE,,,ALL_ROUNDER,LEFT,RIGHT,PACE,RM
326016,Bhuvneshwar,Kumar,Singh,Bhuvneshwar Kumar,IND,1990-02-05,MALE,,,BOWLER,RIGHT,RIGHT,PACE,RFM
288284,Josh,Reginald,Hazlewood,Josh Hazlewood,AUS,1991-01-08,MALE,,,BOWLER,LEFT,RIGHT,PACE,RFM
1350792,Suyash,,Sharma,Suyash Sharma,IND,2003-05-15,MALE,,,BOWLER,RIGHT,RIGHT,SPIN,RLB
1119026,Devdutt,,Padikkal,Devdutt Padikkal,IND,2000-07-07,MALE,,,BATTER,LEFT,RIGHT,SPIN,ROB
1194959,Jacob,Graham,Bethell,Jacob Bethell,ENG,2003-10-23,MALE,,,ALL_ROUNDER,LEFT,LEFT,SPIN,LOB
547766,Jacob,Andrew,Duffy,Jacob Duffy,NZL,1994-08-02,MALE,,,BOWLER,RIGHT,RIGHT,PACE,RFM
955235,Nuwan,Ilandari Dewage,Thushara,Nuwan Thushara,SL,1994-08-06,MALE,,,BOWLER,RIGHT,RIGHT,PACE,RFM
1159720,,,,,,,MALE,,,BOWLER,,,,
232292,Swapnil,,Singh,Swapnil Singh,IND,1991-01-22,MALE,,,ALL_ROUNDER,RIGHT,LEFT,SPIN,LOB
1112537,Jordan,Matthew,Cox,Jordan Cox,ENG,2000-10-21,MALE,,,BATTER,RIGHT,,,
1490396,Kanishk,,Chouhan,Kanishk Chouhan,IND,2006-09-26,MALE,,,ALL_ROUNDER,RIGHT,RIGHT,SPIN,ROB
1515303,Mangesh,,Yadav,Mangesh Yadav,IND,2002-10-10,MALE,,,ALL_ROUNDER,LEFT,LEFT,PACE,LAF
1515302,Satvik,,Deswal,Satvik Deswal,IND,2007-03-23,MALE,,,ALL_ROUNDER,RIGHT,LEFT,SPIN,LOB
1292520,Vicky,Kanhaiya,Ostwal,Vicky Ostwal,IND,2002-09-01,MALE,,,ALL_ROUNDER,RIGHT,LEFT,SPIN,LOB
1354132,Vihaan,Manoj,Malhotra,Vihaan Malhotra,IND,2007-01-01,MALE,,,ALL_ROUNDER,LEFT,RIGHT,SPIN,ROB
1449085,Abhinandan,,Singh,Abhinandan Singh,IND,1997-03-30,MALE,,,BOWLER,RIGHT,RIGHT,PACE,RFM
1161489,Rasikh,Salam,Dar,Rasikh Dar,IND,2000-04-05,MALE,,,BOWLER,RIGHT,RIGHT,PACE,RM
1385640,Jofra,Chioke,Archer,Jofra Archer,ENG,1995-04-01,MALE,,,BOWLER,RIGHT,RIGHT,PACE,RAF
1515186,Ravindrasinh,Anirudhsinh,Jadeja,Ravindra Jadeja,IND,1988-12-06,MALE,,,ALL_ROUNDER,LEFT,LEFT,SPIN,LOB
669855,Yashasvi,Bhupendra Kumar,Jaiswal,Yashasvi Jaiswal,IND,2001-12-28,MALE,,,BATTER,LEFT,RIGHT,SPIN,RLB
234675,Riyan,,Parag,Riyan Parag,IND,2001-11-10,MALE,,,BATTER,RIGHT,RIGHT,SPIN,ROB
1151278,Shimron,Odilon,Hetmyer,Shimron Hetmyer,WI,1996-12-26,MALE,,,BATTER,LEFT,,,
1079434,Vaibhav,,Sooryavanshi,Vaibhav Sooryavanshi,IND,2011-03-27,MALE,,,BATTER,LEFT,LEFT,SPIN,LOB
670025,Dhruv,Chand,Jurel,Dhruv Jurel,IND,2001-01-21,MALE,,,WICKET_KEEPER,RIGHT,,,
1408688,Donovan,,Ferreira,Donovan Ferreira,RSA,1998-07-21,MALE,,,WICKET_KEEPER,RIGHT,RIGHT,SPIN,ROB
1175488,Madagamagamage,Dasun,Shanaka,Dasun Shanaka,SL,1991-09-09,MALE,,,ALL_ROUNDER,RIGHT,RIGHT,PACE,RM
698315,Ravi,,Bishnoi,Ravi Bishnoi,IND,2000-09-05,MALE,,,BOWLER,RIGHT,RIGHT,SPIN,RLB
437316,Sandeep,,Sharma,Sandeep Sharma,IND,1993-05-18,MALE,,,BOWLER,RIGHT,RIGHT,PACE,RFM
1175441,Tushar,Uday,Deshpande,Tushar Deshpande,IND,1995-05-15,MALE,,,BOWLER,LEFT,RIGHT,PACE,RFM
438362,Lhuan-dre,Gilbert,Pretorius,Lhuan-dre Pretorius,RSA,2006-03-27,MALE,,,BATTER,LEFT,,,
822553,Shubham,Badriprasad,Dubey,Shubham Dubey,IND,1994-08-27,MALE,,,BATTER,RIGHT,LEFT,SPIN,ROB
1252585,Ravi,,Singh,Ravi Singh,IND,2001-05-25,MALE,,,WICKET_KEEPER,LEFT,LEFT,SPIN,RLB
1461577,Adam,Fraser,Milne,Adam Milne,NZL,1992-04-13,MALE,,,BOWLER,RIGHT,RIGHT,PACE,RAF
450860,Kuldeep,Rampal,Sen,Kuldeep Sen,IND,1996-10-22,MALE,,,BOWLER,RIGHT,RIGHT,PACE,RAF
1163695,Kwena,Tshegofatso,Maphaka,Kwena Maphaka,RSA,2006-04-08,MALE,,,BOWLER,LEFT,LEFT,PACE,LAF
1294342,Nandre,,Burger,Nandre Burger,RSA,1995-08-11,MALE,,,BOWLER,LEFT,LEFT,PACE,RFM
971349,Vignesh,,Puthur,Vignesh Puthur,IND,2001-03-02,MALE,,,BOWLER,RIGHT,LEFT,SPIN,LLB
1460388,Yash,Raj,Punja,Yash Punja,IND,2006-06-26,MALE,,,BOWLER,RIGHT,RIGHT,SPIN,RLB
1403261,Aman,Rao,Perala,Aman Rao,IND,2004-06-02,MALE,,,BATTER,RIGHT,,,
1515046,Brijesh,,Sharma,Brijesh Sharma,IND,1998-12-16,MALE,,,BOWLER,RIGHT,RIGHT,PACE,RM
1175457,Sushant,Samirkumar,Mishra,Sushant Mishra,IND,2000-12-23,MALE,,,BOWLER,LEFT,LEFT,PACE,LFM
1206052,Yudhvir,Singh,Charak,Yudhvir Singh,IND,1997-09-13,MALE,,,BOWLER,RIGHT,RIGHT,PACE,RFM
1175496,Abhishek,,Sharma,Abhishek Sharma,IND,2000-09-04,MALE,,,ALL_ROUNDER,LEFT,LEFT,SPIN,LOB
1070183,Patrick,James,Cummins,Pat Cummins,AUS,1993-05-08,MALE,,,BOWLER,RIGHT,RIGHT,PACE,RAF
489889,Travis,Michael,Head,Travis Head,AUS,1993-12-29,MALE,,,BATTER,LEFT,RIGHT,SPIN,ROB
530011,Heinrich,,Klaasen,Heinrich Klaasen,RSA,1991-07-30,MALE,,,WICKET_KEEPER,RIGHT,RIGHT,SPIN,ROB
436757,Ishan,Pranav Kumar Pandey,Kishan,Ishan Kishan,IND,1998-07-18,MALE,,,WICKET_KEEPER,LEFT,RIGHT,SPIN,ROB
720471,Pasqual Handi Kamindu,Dilanka,Mendis,Kamindu Mendis,SL,1998-09-30,MALE,,,ALL_ROUNDER,RIGHT,,SPIN,"ROB,LOB"
784373,Kaki Nitish,Kumar,Reddy,Nitish Reddy,IND,2003-05-26,MALE,,,ALL_ROUNDER,RIGHT,RIGHT,PACE,RFM
390481,Harshal,Vikram,Patel,Harshal Patel,IND,1990-11-23,MALE,,,ALL_ROUNDER,RIGHT,RIGHT,PACE,RM
403902,Liam,Stephen,Livingstone,Liam Livingstone,ENG,1993-08-04,MALE,,,ALL_ROUNDER,RIGHT,RIGHT,SPIN,RLB
1306214,Kiribathgala Kankanamalage Eshan,Malinga,Dharmasena,Eshan Malinga,SL,2001-02-04,MALE,,,BOWLER,LEFT,RIGHT,PACE,RFM
1199281,Salil,,Arora,Salil Arora,IND,2002-11-07,MALE,,,WICKET_KEEPER,RIGHT,,,
596417,Brydon,Alexander,Carse,Brydon Carse,ENG,1995-07-31,MALE,,,ALL_ROUNDER,RIGHT,RIGHT,PACE,RFM
1216159,Harsh,Surendra,Dubey,Harsh Dubey,IND,2002-07-23,MALE,,,ALL_ROUNDER,LEFT,LEFT,SPIN,LOB
362710,David,Alan,Payne,David Payne,ENG,1991-02-15,MALE,,,BOWLER,RIGHT,LEFT,PACE,LFM
1079848,Shivam,Pankaj,Mavi,Shivam Mavi,IND,1998-11-26,MALE,,,ALL_ROUNDER,RIGHT,RIGHT,PACE,RFM
390484,Jaydev,Dipakbhai,Unadkat,Jaydev Unadkat,IND,1991-10-18,MALE,,,BOWLER,RIGHT,LEFT,PACE,LM
1512257,Amit,,Kumar,Amit Kumar,IND,2002-11-02,MALE,,,BOWLER,RIGHT,RIGHT,SPIN,RLB
942371,Zeeshan,,Ansari,Zeeshan Ansari,IND,1999-12-16,MALE,,,BOWLER,RIGHT,RIGHT,SPIN,RLB
1409976,Aniket,Umashankar,Verma,Aniket Verma,IND,2002-02-05,MALE,,,BATTER,RIGHT,RIGHT,PACE,RM
1327722,Ravichandran,,Smaran,R Smaran,IND,2003-05-05,MALE,,,BATTER,LEFT,RIGHT,SPIN,ROB
1467631,Krains,Bhaveshbhai,Fuletra,Krains Fuletra,IND,2004-06-19,MALE,,,ALL_ROUNDER,RIGHT,LEFT,SPIN,LLB
1512089,Shivang,,Kumar,Shivang Kumar,IND,2002-05-26,MALE,,,ALL_ROUNDER,RIGHT,LEFT,SPIN,LLB
1515304,Onkar,,Tarmale,Onkar Tarmale,IND,2002-08-22,MALE,,,BOWLER,RIGHT,RIGHT,PACE,RAF
1216167,Praful,Prakash,Hinge,Praful Hinge,IND,2002-01-18,MALE,,,BOWLER,RIGHT,RIGHT,PACE,RFM
1340422,Sakib,,Hussain,Sakib Hussain,IND,2004-12-14,MALE,,,BOWLER,RIGHT,RIGHT,PACE,RM
